DELETE FROM `treefield_lang`
WHERE `treefield_id` IN (13, 18, 28, 33, 34, 35, 29, 30, 31, 32, 19, 20, 21, 14, 22, 15, 23, 25, 26, 27, 16, 24, 17) ;
DELETE FROM `treefield`
WHERE `id` IN (13, 18, 28, 33, 34, 35, 29, 30, 31, 32, 19, 20, 21, 14, 22, 15, 23, 25, 26, 27, 16, 24, 17) ;
INSERT INTO `treefield` (`id`, `parent_id`, `template`, `level`, `field_id`) VALUES (36,0, 'treefield_treefield', 0, '64');
DELETE FROM `treefield_lang`
WHERE `treefield_id` =  36;
INSERT INTO `treefield_lang` (`language_id`, `treefield_id`, `value`, `value_path`) VALUES (1, 36, 'Albania', 'Albania');
INSERT INTO `treefield_lang` (`language_id`, `treefield_id`, `value`, `value_path`) VALUES (2, 36, 'Albania', 'Albania');
INSERT INTO `treefield` (`id`, `parent_id`, `template`, `level`, `field_id`) VALUES (37,0, 'treefield_treefield', 0, '64');
DELETE FROM `treefield_lang`
WHERE `treefield_id` =  37;
INSERT INTO `treefield_lang` (`language_id`, `treefield_id`, `value`, `value_path`) VALUES (1, 37, 'Austria', 'Austria');
INSERT INTO `treefield_lang` (`language_id`, `treefield_id`, `value`, `value_path`) VALUES (2, 37, 'Austria', 'Austria');
INSERT INTO `treefield` (`id`, `parent_id`, `template`, `level`, `field_id`) VALUES (38,0, 'treefield_treefield', 0, '64');
DELETE FROM `treefield_lang`
WHERE `treefield_id` =  38;
INSERT INTO `treefield_lang` (`language_id`, `treefield_id`, `value`, `value_path`) VALUES (1, 38, 'Belgium', 'Belgium');
INSERT INTO `treefield_lang` (`language_id`, `treefield_id`, `value`, `value_path`) VALUES (2, 38, 'Belgium', 'Belgium');
INSERT INTO `treefield` (`id`, `parent_id`, `template`, `level`, `field_id`) VALUES (39,0, 'treefield_treefield', 0, '64');
DELETE FROM `treefield_lang`
WHERE `treefield_id` =  39;
INSERT INTO `treefield_lang` (`language_id`, `treefield_id`, `value`, `value_path`) VALUES (1, 39, 'Bulgaria', 'Bulgaria');
INSERT INTO `treefield_lang` (`language_id`, `treefield_id`, `value`, `value_path`) VALUES (2, 39, 'Bulgaria', 'Bulgaria');
INSERT INTO `treefield` (`id`, `parent_id`, `template`, `level`, `field_id`) VALUES (40,0, 'treefield_treefield', 0, '64');
DELETE FROM `treefield_lang`
WHERE `treefield_id` =  40;
INSERT INTO `treefield_lang` (`language_id`, `treefield_id`, `value`, `value_path`) VALUES (1, 40, 'Bosnia and Herz.', 'Bosnia and Herz.');
INSERT INTO `treefield_lang` (`language_id`, `treefield_id`, `value`, `value_path`) VALUES (2, 40, 'Bosnia and Herz.', 'Bosnia and Herz.');
INSERT INTO `treefield` (`id`, `parent_id`, `template`, `level`, `field_id`) VALUES (41,0, 'treefield_treefield', 0, '64');
DELETE FROM `treefield_lang`
WHERE `treefield_id` =  41;
INSERT INTO `treefield_lang` (`language_id`, `treefield_id`, `value`, `value_path`) VALUES (1, 41, 'Belarus', 'Belarus');
INSERT INTO `treefield_lang` (`language_id`, `treefield_id`, `value`, `value_path`) VALUES (2, 41, 'Belarus', 'Belarus');
INSERT INTO `treefield` (`id`, `parent_id`, `template`, `level`, `field_id`) VALUES (42,0, 'treefield_treefield', 0, '64');
DELETE FROM `treefield_lang`
WHERE `treefield_id` =  42;
INSERT INTO `treefield_lang` (`language_id`, `treefield_id`, `value`, `value_path`) VALUES (1, 42, 'Switzerland', 'Switzerland');
INSERT INTO `treefield_lang` (`language_id`, `treefield_id`, `value`, `value_path`) VALUES (2, 42, 'Switzerland', 'Switzerland');
INSERT INTO `treefield` (`id`, `parent_id`, `template`, `level`, `field_id`) VALUES (43,0, 'treefield_treefield', 0, '64');
DELETE FROM `treefield_lang`
WHERE `treefield_id` =  43;
INSERT INTO `treefield_lang` (`language_id`, `treefield_id`, `value`, `value_path`) VALUES (1, 43, 'Czech Rep.', 'Czech Rep.');
INSERT INTO `treefield_lang` (`language_id`, `treefield_id`, `value`, `value_path`) VALUES (2, 43, 'Czech Rep.', 'Czech Rep.');
INSERT INTO `treefield` (`id`, `parent_id`, `template`, `level`, `field_id`) VALUES (44,0, 'treefield_treefield', 0, '64');
DELETE FROM `treefield_lang`
WHERE `treefield_id` =  44;
INSERT INTO `treefield_lang` (`language_id`, `treefield_id`, `value`, `value_path`) VALUES (1, 44, 'Germany', 'Germany');
INSERT INTO `treefield_lang` (`language_id`, `treefield_id`, `value`, `value_path`) VALUES (2, 44, 'Germany', 'Germany');
INSERT INTO `treefield` (`id`, `parent_id`, `template`, `level`, `field_id`) VALUES (45,0, 'treefield_treefield', 0, '64');
DELETE FROM `treefield_lang`
WHERE `treefield_id` =  45;
INSERT INTO `treefield_lang` (`language_id`, `treefield_id`, `value`, `value_path`) VALUES (1, 45, 'Denmark', 'Denmark');
INSERT INTO `treefield_lang` (`language_id`, `treefield_id`, `value`, `value_path`) VALUES (2, 45, 'Denmark', 'Denmark');
INSERT INTO `treefield` (`id`, `parent_id`, `template`, `level`, `field_id`) VALUES (46,0, 'treefield_treefield', 0, '64');
DELETE FROM `treefield_lang`
WHERE `treefield_id` =  46;
INSERT INTO `treefield_lang` (`language_id`, `treefield_id`, `value`, `value_path`) VALUES (1, 46, 'Estonia', 'Estonia');
INSERT INTO `treefield_lang` (`language_id`, `treefield_id`, `value`, `value_path`) VALUES (2, 46, 'Estonia', 'Estonia');
INSERT INTO `treefield` (`id`, `parent_id`, `template`, `level`, `field_id`) VALUES (47,0, 'treefield_treefield', 0, '64');
DELETE FROM `treefield_lang`
WHERE `treefield_id` =  47;
INSERT INTO `treefield_lang` (`language_id`, `treefield_id`, `value`, `value_path`) VALUES (1, 47, 'Finland', 'Finland');
INSERT INTO `treefield_lang` (`language_id`, `treefield_id`, `value`, `value_path`) VALUES (2, 47, 'Finland', 'Finland');
INSERT INTO `treefield` (`id`, `parent_id`, `template`, `level`, `field_id`) VALUES (48,0, 'treefield_treefield', 0, '64');
DELETE FROM `treefield_lang`
WHERE `treefield_id` =  48;
INSERT INTO `treefield_lang` (`language_id`, `treefield_id`, `value`, `value_path`) VALUES (1, 48, 'United Kingdom', 'United Kingdom');
INSERT INTO `treefield_lang` (`language_id`, `treefield_id`, `value`, `value_path`) VALUES (2, 48, 'United Kingdom', 'United Kingdom');
INSERT INTO `treefield` (`id`, `parent_id`, `template`, `level`, `field_id`) VALUES (49,0, 'treefield_treefield', 0, '64');
DELETE FROM `treefield_lang`
WHERE `treefield_id` =  49;
INSERT INTO `treefield_lang` (`language_id`, `treefield_id`, `value`, `value_path`) VALUES (1, 49, 'Greece', 'Greece');
INSERT INTO `treefield_lang` (`language_id`, `treefield_id`, `value`, `value_path`) VALUES (2, 49, 'Greece', 'Greece');
INSERT INTO `treefield` (`id`, `parent_id`, `template`, `level`, `field_id`) VALUES (50,0, 'treefield_treefield', 0, '64');
DELETE FROM `treefield_lang`
WHERE `treefield_id` =  50;
INSERT INTO `treefield_lang` (`language_id`, `treefield_id`, `value`, `value_path`) VALUES (1, 50, 'Croatia', 'Croatia');
INSERT INTO `treefield_lang` (`language_id`, `treefield_id`, `value`, `value_path`) VALUES (2, 50, 'Croatia', 'Croatia');
INSERT INTO `treefield` (`id`, `parent_id`, `template`, `level`, `field_id`) VALUES (51,0, 'treefield_treefield', 0, '64');
DELETE FROM `treefield_lang`
WHERE `treefield_id` =  51;
INSERT INTO `treefield_lang` (`language_id`, `treefield_id`, `value`, `value_path`) VALUES (1, 51, 'Hungary', 'Hungary');
INSERT INTO `treefield_lang` (`language_id`, `treefield_id`, `value`, `value_path`) VALUES (2, 51, 'Hungary', 'Hungary');
INSERT INTO `treefield` (`id`, `parent_id`, `template`, `level`, `field_id`) VALUES (52,0, 'treefield_treefield', 0, '64');
DELETE FROM `treefield_lang`
WHERE `treefield_id` =  52;
INSERT INTO `treefield_lang` (`language_id`, `treefield_id`, `value`, `value_path`) VALUES (1, 52, 'Ireland', 'Ireland');
INSERT INTO `treefield_lang` (`language_id`, `treefield_id`, `value`, `value_path`) VALUES (2, 52, 'Ireland', 'Ireland');
INSERT INTO `treefield` (`id`, `parent_id`, `template`, `level`, `field_id`) VALUES (53,0, 'treefield_treefield', 0, '64');
DELETE FROM `treefield_lang`
WHERE `treefield_id` =  53;
INSERT INTO `treefield_lang` (`language_id`, `treefield_id`, `value`, `value_path`) VALUES (1, 53, 'Iceland', 'Iceland');
INSERT INTO `treefield_lang` (`language_id`, `treefield_id`, `value`, `value_path`) VALUES (2, 53, 'Iceland', 'Iceland');
INSERT INTO `treefield` (`id`, `parent_id`, `template`, `level`, `field_id`) VALUES (54,0, 'treefield_treefield', 0, '64');
DELETE FROM `treefield_lang`
WHERE `treefield_id` =  54;
INSERT INTO `treefield_lang` (`language_id`, `treefield_id`, `value`, `value_path`) VALUES (1, 54, 'Italy', 'Italy');
INSERT INTO `treefield_lang` (`language_id`, `treefield_id`, `value`, `value_path`) VALUES (2, 54, 'Italy', 'Italy');
INSERT INTO `treefield` (`id`, `parent_id`, `template`, `level`, `field_id`) VALUES (55,0, 'treefield_treefield', 0, '64');
DELETE FROM `treefield_lang`
WHERE `treefield_id` =  55;
INSERT INTO `treefield_lang` (`language_id`, `treefield_id`, `value`, `value_path`) VALUES (1, 55, 'Lithuania', 'Lithuania');
INSERT INTO `treefield_lang` (`language_id`, `treefield_id`, `value`, `value_path`) VALUES (2, 55, 'Lithuania', 'Lithuania');
INSERT INTO `treefield` (`id`, `parent_id`, `template`, `level`, `field_id`) VALUES (56,0, 'treefield_treefield', 0, '64');
DELETE FROM `treefield_lang`
WHERE `treefield_id` =  56;
INSERT INTO `treefield_lang` (`language_id`, `treefield_id`, `value`, `value_path`) VALUES (1, 56, 'Luxembourg', 'Luxembourg');
INSERT INTO `treefield_lang` (`language_id`, `treefield_id`, `value`, `value_path`) VALUES (2, 56, 'Luxembourg', 'Luxembourg');
INSERT INTO `treefield` (`id`, `parent_id`, `template`, `level`, `field_id`) VALUES (57,0, 'treefield_treefield', 0, '64');
DELETE FROM `treefield_lang`
WHERE `treefield_id` =  57;
INSERT INTO `treefield_lang` (`language_id`, `treefield_id`, `value`, `value_path`) VALUES (1, 57, 'Latvia', 'Latvia');
INSERT INTO `treefield_lang` (`language_id`, `treefield_id`, `value`, `value_path`) VALUES (2, 57, 'Latvia', 'Latvia');
INSERT INTO `treefield` (`id`, `parent_id`, `template`, `level`, `field_id`) VALUES (58,0, 'treefield_treefield', 0, '64');
DELETE FROM `treefield_lang`
WHERE `treefield_id` =  58;
INSERT INTO `treefield_lang` (`language_id`, `treefield_id`, `value`, `value_path`) VALUES (1, 58, 'Moldova', 'Moldova');
INSERT INTO `treefield_lang` (`language_id`, `treefield_id`, `value`, `value_path`) VALUES (2, 58, 'Moldova', 'Moldova');
INSERT INTO `treefield` (`id`, `parent_id`, `template`, `level`, `field_id`) VALUES (59,0, 'treefield_treefield', 0, '64');
DELETE FROM `treefield_lang`
WHERE `treefield_id` =  59;
INSERT INTO `treefield_lang` (`language_id`, `treefield_id`, `value`, `value_path`) VALUES (1, 59, 'Macedonia', 'Macedonia');
INSERT INTO `treefield_lang` (`language_id`, `treefield_id`, `value`, `value_path`) VALUES (2, 59, 'Macedonia', 'Macedonia');
INSERT INTO `treefield` (`id`, `parent_id`, `template`, `level`, `field_id`) VALUES (60,0, 'treefield_treefield', 0, '64');
DELETE FROM `treefield_lang`
WHERE `treefield_id` =  60;
INSERT INTO `treefield_lang` (`language_id`, `treefield_id`, `value`, `value_path`) VALUES (1, 60, 'Montenegro', 'Montenegro');
INSERT INTO `treefield_lang` (`language_id`, `treefield_id`, `value`, `value_path`) VALUES (2, 60, 'Montenegro', 'Montenegro');
INSERT INTO `treefield` (`id`, `parent_id`, `template`, `level`, `field_id`) VALUES (61,0, 'treefield_treefield', 0, '64');
DELETE FROM `treefield_lang`
WHERE `treefield_id` =  61;
INSERT INTO `treefield_lang` (`language_id`, `treefield_id`, `value`, `value_path`) VALUES (1, 61, 'Netherlands', 'Netherlands');
INSERT INTO `treefield_lang` (`language_id`, `treefield_id`, `value`, `value_path`) VALUES (2, 61, 'Netherlands', 'Netherlands');
INSERT INTO `treefield` (`id`, `parent_id`, `template`, `level`, `field_id`) VALUES (62,0, 'treefield_treefield', 0, '64');
DELETE FROM `treefield_lang`
WHERE `treefield_id` =  62;
INSERT INTO `treefield_lang` (`language_id`, `treefield_id`, `value`, `value_path`) VALUES (1, 62, 'Norway', 'Norway');
INSERT INTO `treefield_lang` (`language_id`, `treefield_id`, `value`, `value_path`) VALUES (2, 62, 'Norway', 'Norway');
INSERT INTO `treefield` (`id`, `parent_id`, `template`, `level`, `field_id`) VALUES (63,0, 'treefield_treefield', 0, '64');
DELETE FROM `treefield_lang`
WHERE `treefield_id` =  63;
INSERT INTO `treefield_lang` (`language_id`, `treefield_id`, `value`, `value_path`) VALUES (1, 63, 'Poland', 'Poland');
INSERT INTO `treefield_lang` (`language_id`, `treefield_id`, `value`, `value_path`) VALUES (2, 63, 'Poland', 'Poland');
INSERT INTO `treefield` (`id`, `parent_id`, `template`, `level`, `field_id`) VALUES (64,0, 'treefield_treefield', 0, '64');
DELETE FROM `treefield_lang`
WHERE `treefield_id` =  64;
INSERT INTO `treefield_lang` (`language_id`, `treefield_id`, `value`, `value_path`) VALUES (1, 64, 'Portugal', 'Portugal');
INSERT INTO `treefield_lang` (`language_id`, `treefield_id`, `value`, `value_path`) VALUES (2, 64, 'Portugal', 'Portugal');
INSERT INTO `treefield` (`id`, `parent_id`, `template`, `level`, `field_id`) VALUES (65,0, 'treefield_treefield', 0, '64');
DELETE FROM `treefield_lang`
WHERE `treefield_id` =  65;
INSERT INTO `treefield_lang` (`language_id`, `treefield_id`, `value`, `value_path`) VALUES (1, 65, 'Romania', 'Romania');
INSERT INTO `treefield_lang` (`language_id`, `treefield_id`, `value`, `value_path`) VALUES (2, 65, 'Romania', 'Romania');
INSERT INTO `treefield` (`id`, `parent_id`, `template`, `level`, `field_id`) VALUES (66,0, 'treefield_treefield', 0, '64');
DELETE FROM `treefield_lang`
WHERE `treefield_id` =  66;
INSERT INTO `treefield_lang` (`language_id`, `treefield_id`, `value`, `value_path`) VALUES (1, 66, 'Serbia', 'Serbia');
INSERT INTO `treefield_lang` (`language_id`, `treefield_id`, `value`, `value_path`) VALUES (2, 66, 'Serbia', 'Serbia');
INSERT INTO `treefield` (`id`, `parent_id`, `template`, `level`, `field_id`) VALUES (67,0, 'treefield_treefield', 0, '64');
DELETE FROM `treefield_lang`
WHERE `treefield_id` =  67;
INSERT INTO `treefield_lang` (`language_id`, `treefield_id`, `value`, `value_path`) VALUES (1, 67, 'Slovakia', 'Slovakia');
INSERT INTO `treefield_lang` (`language_id`, `treefield_id`, `value`, `value_path`) VALUES (2, 67, 'Slovakia', 'Slovakia');
INSERT INTO `treefield` (`id`, `parent_id`, `template`, `level`, `field_id`) VALUES (68,0, 'treefield_treefield', 0, '64');
DELETE FROM `treefield_lang`
WHERE `treefield_id` =  68;
INSERT INTO `treefield_lang` (`language_id`, `treefield_id`, `value`, `value_path`) VALUES (1, 68, 'Slovenia', 'Slovenia');
INSERT INTO `treefield_lang` (`language_id`, `treefield_id`, `value`, `value_path`) VALUES (2, 68, 'Slovenia', 'Slovenia');
INSERT INTO `treefield` (`id`, `parent_id`, `template`, `level`, `field_id`) VALUES (69,0, 'treefield_treefield', 0, '64');
DELETE FROM `treefield_lang`
WHERE `treefield_id` =  69;
INSERT INTO `treefield_lang` (`language_id`, `treefield_id`, `value`, `value_path`) VALUES (1, 69, 'Sweden', 'Sweden');
INSERT INTO `treefield_lang` (`language_id`, `treefield_id`, `value`, `value_path`) VALUES (2, 69, 'Sweden', 'Sweden');
INSERT INTO `treefield` (`id`, `parent_id`, `template`, `level`, `field_id`) VALUES (70,0, 'treefield_treefield', 0, '64');
DELETE FROM `treefield_lang`
WHERE `treefield_id` =  70;
INSERT INTO `treefield_lang` (`language_id`, `treefield_id`, `value`, `value_path`) VALUES (1, 70, 'Ukraine', 'Ukraine');
INSERT INTO `treefield_lang` (`language_id`, `treefield_id`, `value`, `value_path`) VALUES (2, 70, 'Ukraine', 'Ukraine');
INSERT INTO `treefield` (`id`, `parent_id`, `template`, `level`, `field_id`) VALUES (71,0, 'treefield_treefield', 0, '64');
DELETE FROM `treefield_lang`
WHERE `treefield_id` =  71;
INSERT INTO `treefield_lang` (`language_id`, `treefield_id`, `value`, `value_path`) VALUES (1, 71, 'France', 'France');
INSERT INTO `treefield_lang` (`language_id`, `treefield_id`, `value`, `value_path`) VALUES (2, 71, 'France', 'France');
INSERT INTO `treefield` (`id`, `parent_id`, `template`, `level`, `field_id`) VALUES (72,0, 'treefield_treefield', 0, '64');
DELETE FROM `treefield_lang`
WHERE `treefield_id` =  72;
INSERT INTO `treefield_lang` (`language_id`, `treefield_id`, `value`, `value_path`) VALUES (1, 72, 'Spain', 'Spain');
INSERT INTO `treefield_lang` (`language_id`, `treefield_id`, `value`, `value_path`) VALUES (2, 72, 'Spain', 'Spain');



INSERT INTO `treefield` (`id`, `parent_id`, `template`, `repository_id`, `order`, `level`, `field_id`) VALUES (73,'50', 0, 0, 0, 1, '64');
DELETE FROM `treefield_lang`
WHERE `treefield_id` =  73;
INSERT INTO `treefield_lang` (`language_id`, `treefield_id`, `value`, `value_path`, `title`, `path_title`, `body`, `description`, `keywords`, `slug`, `address`, `adcode1`, `adcode2`, `adcode3`, `adcode4`, `adcode5`, `adcode6`) VALUES (1, 73, 'Zagreb', 'Croatia - Zagreb', 0, 0, 0, 0, 0, 0, 0, 0, 0, 0, 0, 0, 0);
INSERT INTO `treefield_lang` (`language_id`, `treefield_id`, `value`, `value_path`, `title`, `path_title`, `body`, `description`, `keywords`, `slug`, `address`, `adcode1`, `adcode2`, `adcode3`, `adcode4`, `adcode5`, `adcode6`) VALUES (2, 73, 'Zagreb', 'Croatia - Zagreb', 0, 0, 0, 0, 0, 0, 0, 0, 0, 0, 0, 0, 0);
INSERT INTO `treefield` (`id`, `parent_id`, `template`, `repository_id`, `order`, `level`, `field_id`) VALUES (74,'50', 0, 0, 0, 1, '64');
DELETE FROM `treefield_lang`
WHERE `treefield_id` =  74;
INSERT INTO `treefield_lang` (`language_id`, `treefield_id`, `value`, `value_path`, `title`, `path_title`, `body`, `description`, `keywords`, `slug`, `address`, `adcode1`, `adcode2`, `adcode3`, `adcode4`, `adcode5`, `adcode6`) VALUES (1, 74, 'Istria', 'Croatia - Istria', 0, 0, 0, 0, 0, 0, 0, 0, 0, 0, 0, 0, 0);
INSERT INTO `treefield_lang` (`language_id`, `treefield_id`, `value`, `value_path`, `title`, `path_title`, `body`, `description`, `keywords`, `slug`, `address`, `adcode1`, `adcode2`, `adcode3`, `adcode4`, `adcode5`, `adcode6`) VALUES (2, 74, 'Istria', 'Croatia - Istria', 0, 0, 0, 0, 0, 0, 0, 0, 0, 0, 0, 0, 0);
INSERT INTO `treefield` (`id`, `parent_id`, `template`, `repository_id`, `order`, `level`, `field_id`) VALUES (75,'50', 0, 0, 0, 1, '64');
DELETE FROM `treefield_lang`
WHERE `treefield_id` =  75;
INSERT INTO `treefield_lang` (`language_id`, `treefield_id`, `value`, `value_path`, `title`, `path_title`, `body`, `description`, `keywords`, `slug`, `address`, `adcode1`, `adcode2`, `adcode3`, `adcode4`, `adcode5`, `adcode6`) VALUES (1, 75, 'Međimurje', 'Croatia - Međimurje', 0, 0, 0, 0, 0, 0, 0, 0, 0, 0, 0, 0, 0);
INSERT INTO `treefield_lang` (`language_id`, `treefield_id`, `value`, `value_path`, `title`, `path_title`, `body`, `description`, `keywords`, `slug`, `address`, `adcode1`, `adcode2`, `adcode3`, `adcode4`, `adcode5`, `adcode6`) VALUES (2, 75, 'Međimurje', 'Croatia - Međimurje', 0, 0, 0, 0, 0, 0, 0, 0, 0, 0, 0, 0, 0);
INSERT INTO `treefield` (`id`, `parent_id`, `template`, `repository_id`, `order`, `level`, `field_id`) VALUES (76,'50', 0, 0, 0, 1, '64');
DELETE FROM `treefield_lang`
WHERE `treefield_id` =  76;
INSERT INTO `treefield_lang` (`language_id`, `treefield_id`, `value`, `value_path`, `title`, `path_title`, `body`, `description`, `keywords`, `slug`, `address`, `adcode1`, `adcode2`, `adcode3`, `adcode4`, `adcode5`, `adcode6`) VALUES (1, 76, 'Varaždin', 'Croatia - Varaždin', 0, 0, 0, 0, 0, 0, 0, 0, 0, 0, 0, 0, 0);
INSERT INTO `treefield_lang` (`language_id`, `treefield_id`, `value`, `value_path`, `title`, `path_title`, `body`, `description`, `keywords`, `slug`, `address`, `adcode1`, `adcode2`, `adcode3`, `adcode4`, `adcode5`, `adcode6`) VALUES (2, 76, 'Varaždin', 'Croatia - Varaždin', 0, 0, 0, 0, 0, 0, 0, 0, 0, 0, 0, 0, 0);
INSERT INTO `treefield` (`id`, `parent_id`, `template`, `repository_id`, `order`, `level`, `field_id`) VALUES (77,'50', 0, 0, 0, 1, '64');
DELETE FROM `treefield_lang`
WHERE `treefield_id` =  77;
INSERT INTO `treefield_lang` (`language_id`, `treefield_id`, `value`, `value_path`, `title`, `path_title`, `body`, `description`, `keywords`, `slug`, `address`, `adcode1`, `adcode2`, `adcode3`, `adcode4`, `adcode5`, `adcode6`) VALUES (1, 77, 'Zadar', 'Croatia - Zadar', 0, 0, 0, 0, 0, 0, 0, 0, 0, 0, 0, 0, 0);
INSERT INTO `treefield_lang` (`language_id`, `treefield_id`, `value`, `value_path`, `title`, `path_title`, `body`, `description`, `keywords`, `slug`, `address`, `adcode1`, `adcode2`, `adcode3`, `adcode4`, `adcode5`, `adcode6`) VALUES (2, 77, 'Zadar', 'Croatia - Zadar', 0, 0, 0, 0, 0, 0, 0, 0, 0, 0, 0, 0, 0);
INSERT INTO `treefield` (`id`, `parent_id`, `template`, `repository_id`, `order`, `level`, `field_id`) VALUES (78,'50', 0, 0, 0, 1, '64');
DELETE FROM `treefield_lang`
WHERE `treefield_id` =  78;
INSERT INTO `treefield_lang` (`language_id`, `treefield_id`, `value`, `value_path`, `title`, `path_title`, `body`, `description`, `keywords`, `slug`, `address`, `adcode1`, `adcode2`, `adcode3`, `adcode4`, `adcode5`, `adcode6`) VALUES (1, 78, 'Osijek', 'Croatia - Osijek', 0, 0, 0, 0, 0, 0, 0, 0, 0, 0, 0, 0, 0);
INSERT INTO `treefield_lang` (`language_id`, `treefield_id`, `value`, `value_path`, `title`, `path_title`, `body`, `description`, `keywords`, `slug`, `address`, `adcode1`, `adcode2`, `adcode3`, `adcode4`, `adcode5`, `adcode6`) VALUES (2, 78, 'Osijek', 'Croatia - Osijek', 0, 0, 0, 0, 0, 0, 0, 0, 0, 0, 0, 0, 0);
INSERT INTO `treefield` (`id`, `parent_id`, `template`, `repository_id`, `order`, `level`, `field_id`) VALUES (79,'50', 0, 0, 0, 1, '64');
DELETE FROM `treefield_lang`
WHERE `treefield_id` =  79;
INSERT INTO `treefield_lang` (`language_id`, `treefield_id`, `value`, `value_path`, `title`, `path_title`, `body`, `description`, `keywords`, `slug`, `address`, `adcode1`, `adcode2`, `adcode3`, `adcode4`, `adcode5`, `adcode6`) VALUES (1, 79, 'Sisak', 'Croatia - Sisak', 0, 0, 0, 0, 0, 0, 0, 0, 0, 0, 0, 0, 0);
INSERT INTO `treefield_lang` (`language_id`, `treefield_id`, `value`, `value_path`, `title`, `path_title`, `body`, `description`, `keywords`, `slug`, `address`, `adcode1`, `adcode2`, `adcode3`, `adcode4`, `adcode5`, `adcode6`) VALUES (2, 79, 'Sisak', 'Croatia - Sisak', 0, 0, 0, 0, 0, 0, 0, 0, 0, 0, 0, 0, 0);
INSERT INTO `treefield` (`id`, `parent_id`, `template`, `repository_id`, `order`, `level`, `field_id`) VALUES (80,'36', 0, 0, 0, 1, '64');
DELETE FROM `treefield_lang`
WHERE `treefield_id` =  80;
INSERT INTO `treefield_lang` (`language_id`, `treefield_id`, `value`, `value_path`, `title`, `path_title`, `body`, `description`, `keywords`, `slug`, `address`, `adcode1`, `adcode2`, `adcode3`, `adcode4`, `adcode5`, `adcode6`) VALUES (1, 80, 'Tirana', 'Albania - Tirana', 0, 0, 0, 0, 0, 0, 0, 0, 0, 0, 0, 0, 0);
INSERT INTO `treefield_lang` (`language_id`, `treefield_id`, `value`, `value_path`, `title`, `path_title`, `body`, `description`, `keywords`, `slug`, `address`, `adcode1`, `adcode2`, `adcode3`, `adcode4`, `adcode5`, `adcode6`) VALUES (2, 80, 'Tirana', 'Albania - Tirana', 0, 0, 0, 0, 0, 0, 0, 0, 0, 0, 0, 0, 0);
INSERT INTO `treefield` (`id`, `parent_id`, `template`, `repository_id`, `order`, `level`, `field_id`) VALUES (81,'36', 0, 0, 0, 1, '64');
DELETE FROM `treefield_lang`
WHERE `treefield_id` =  81;
INSERT INTO `treefield_lang` (`language_id`, `treefield_id`, `value`, `value_path`, `title`, `path_title`, `body`, `description`, `keywords`, `slug`, `address`, `adcode1`, `adcode2`, `adcode3`, `adcode4`, `adcode5`, `adcode6`) VALUES (1, 81, 'Durres', 'Albania - Durres', 0, 0, 0, 0, 0, 0, 0, 0, 0, 0, 0, 0, 0);
INSERT INTO `treefield_lang` (`language_id`, `treefield_id`, `value`, `value_path`, `title`, `path_title`, `body`, `description`, `keywords`, `slug`, `address`, `adcode1`, `adcode2`, `adcode3`, `adcode4`, `adcode5`, `adcode6`) VALUES (2, 81, 'Durres', 'Albania - Durres', 0, 0, 0, 0, 0, 0, 0, 0, 0, 0, 0, 0, 0);
INSERT INTO `treefield` (`id`, `parent_id`, `template`, `repository_id`, `order`, `level`, `field_id`) VALUES (82,'36', 0, 0, 0, 1, '64');
DELETE FROM `treefield_lang`
WHERE `treefield_id` =  82;
INSERT INTO `treefield_lang` (`language_id`, `treefield_id`, `value`, `value_path`, `title`, `path_title`, `body`, `description`, `keywords`, `slug`, `address`, `adcode1`, `adcode2`, `adcode3`, `adcode4`, `adcode5`, `adcode6`) VALUES (1, 82, 'Sarande', 'Albania - Sarande', 0, 0, 0, 0, 0, 0, 0, 0, 0, 0, 0, 0, 0);
INSERT INTO `treefield_lang` (`language_id`, `treefield_id`, `value`, `value_path`, `title`, `path_title`, `body`, `description`, `keywords`, `slug`, `address`, `adcode1`, `adcode2`, `adcode3`, `adcode4`, `adcode5`, `adcode6`) VALUES (2, 82, 'Sarande', 'Albania - Sarande', 0, 0, 0, 0, 0, 0, 0, 0, 0, 0, 0, 0, 0);
INSERT INTO `treefield` (`id`, `parent_id`, `template`, `repository_id`, `order`, `level`, `field_id`) VALUES (83,'36', 0, 0, 0, 1, '64');
DELETE FROM `treefield_lang`
WHERE `treefield_id` =  83;
INSERT INTO `treefield_lang` (`language_id`, `treefield_id`, `value`, `value_path`, `title`, `path_title`, `body`, `description`, `keywords`, `slug`, `address`, `adcode1`, `adcode2`, `adcode3`, `adcode4`, `adcode5`, `adcode6`) VALUES (1, 83, 'Fier', 'Albania - Fier', 0, 0, 0, 0, 0, 0, 0, 0, 0, 0, 0, 0, 0);
INSERT INTO `treefield_lang` (`language_id`, `treefield_id`, `value`, `value_path`, `title`, `path_title`, `body`, `description`, `keywords`, `slug`, `address`, `adcode1`, `adcode2`, `adcode3`, `adcode4`, `adcode5`, `adcode6`) VALUES (2, 83, 'Fier', 'Albania - Fier', 0, 0, 0, 0, 0, 0, 0, 0, 0, 0, 0, 0, 0);
INSERT INTO `treefield` (`id`, `parent_id`, `template`, `repository_id`, `order`, `level`, `field_id`) VALUES (84,'36', 0, 0, 0, 1, '64');
DELETE FROM `treefield_lang`
WHERE `treefield_id` =  84;
INSERT INTO `treefield_lang` (`language_id`, `treefield_id`, `value`, `value_path`, `title`, `path_title`, `body`, `description`, `keywords`, `slug`, `address`, `adcode1`, `adcode2`, `adcode3`, `adcode4`, `adcode5`, `adcode6`) VALUES (1, 84, 'Berat', 'Albania - Berat', 0, 0, 0, 0, 0, 0, 0, 0, 0, 0, 0, 0, 0);
INSERT INTO `treefield_lang` (`language_id`, `treefield_id`, `value`, `value_path`, `title`, `path_title`, `body`, `description`, `keywords`, `slug`, `address`, `adcode1`, `adcode2`, `adcode3`, `adcode4`, `adcode5`, `adcode6`) VALUES (2, 84, 'Berat', 'Albania - Berat', 0, 0, 0, 0, 0, 0, 0, 0, 0, 0, 0, 0, 0);
INSERT INTO `treefield` (`id`, `parent_id`, `template`, `repository_id`, `order`, `level`, `field_id`) VALUES (85,'36', 0, 0, 0, 1, '64');
DELETE FROM `treefield_lang`
WHERE `treefield_id` =  85;
INSERT INTO `treefield_lang` (`language_id`, `treefield_id`, `value`, `value_path`, `title`, `path_title`, `body`, `description`, `keywords`, `slug`, `address`, `adcode1`, `adcode2`, `adcode3`, `adcode4`, `adcode5`, `adcode6`) VALUES (1, 85, 'Patos', 'Albania - Patos', 0, 0, 0, 0, 0, 0, 0, 0, 0, 0, 0, 0, 0);
INSERT INTO `treefield_lang` (`language_id`, `treefield_id`, `value`, `value_path`, `title`, `path_title`, `body`, `description`, `keywords`, `slug`, `address`, `adcode1`, `adcode2`, `adcode3`, `adcode4`, `adcode5`, `adcode6`) VALUES (2, 85, 'Patos', 'Albania - Patos', 0, 0, 0, 0, 0, 0, 0, 0, 0, 0, 0, 0, 0);
INSERT INTO `treefield` (`id`, `parent_id`, `template`, `repository_id`, `order`, `level`, `field_id`) VALUES (86,'38', 0, 0, 0, 1, '64');
DELETE FROM `treefield_lang`
WHERE `treefield_id` =  86;
INSERT INTO `treefield_lang` (`language_id`, `treefield_id`, `value`, `value_path`, `title`, `path_title`, `body`, `description`, `keywords`, `slug`, `address`, `adcode1`, `adcode2`, `adcode3`, `adcode4`, `adcode5`, `adcode6`) VALUES (1, 86, 'Antwerp', 'Belgium - Antwerp', 0, 0, 0, 0, 0, 0, 0, 0, 0, 0, 0, 0, 0);
INSERT INTO `treefield_lang` (`language_id`, `treefield_id`, `value`, `value_path`, `title`, `path_title`, `body`, `description`, `keywords`, `slug`, `address`, `adcode1`, `adcode2`, `adcode3`, `adcode4`, `adcode5`, `adcode6`) VALUES (2, 86, 'Antwerp', 'Belgium - Antwerp', 0, 0, 0, 0, 0, 0, 0, 0, 0, 0, 0, 0, 0);
INSERT INTO `treefield` (`id`, `parent_id`, `template`, `repository_id`, `order`, `level`, `field_id`) VALUES (87,'38', 0, 0, 0, 1, '64');
DELETE FROM `treefield_lang`
WHERE `treefield_id` =  87;
INSERT INTO `treefield_lang` (`language_id`, `treefield_id`, `value`, `value_path`, `title`, `path_title`, `body`, `description`, `keywords`, `slug`, `address`, `adcode1`, `adcode2`, `adcode3`, `adcode4`, `adcode5`, `adcode6`) VALUES (1, 87, 'Hainaut', 'Belgium - Hainaut', 0, 0, 0, 0, 0, 0, 0, 0, 0, 0, 0, 0, 0);
INSERT INTO `treefield_lang` (`language_id`, `treefield_id`, `value`, `value_path`, `title`, `path_title`, `body`, `description`, `keywords`, `slug`, `address`, `adcode1`, `adcode2`, `adcode3`, `adcode4`, `adcode5`, `adcode6`) VALUES (2, 87, 'Hainaut', 'Belgium - Hainaut', 0, 0, 0, 0, 0, 0, 0, 0, 0, 0, 0, 0, 0);
INSERT INTO `treefield` (`id`, `parent_id`, `template`, `repository_id`, `order`, `level`, `field_id`) VALUES (88,'38', 0, 0, 0, 1, '64');
DELETE FROM `treefield_lang`
WHERE `treefield_id` =  88;
INSERT INTO `treefield_lang` (`language_id`, `treefield_id`, `value`, `value_path`, `title`, `path_title`, `body`, `description`, `keywords`, `slug`, `address`, `adcode1`, `adcode2`, `adcode3`, `adcode4`, `adcode5`, `adcode6`) VALUES (1, 88, 'Namur', 'Belgium - Namur', 0, 0, 0, 0, 0, 0, 0, 0, 0, 0, 0, 0, 0);
INSERT INTO `treefield_lang` (`language_id`, `treefield_id`, `value`, `value_path`, `title`, `path_title`, `body`, `description`, `keywords`, `slug`, `address`, `adcode1`, `adcode2`, `adcode3`, `adcode4`, `adcode5`, `adcode6`) VALUES (2, 88, 'Namur', 'Belgium - Namur', 0, 0, 0, 0, 0, 0, 0, 0, 0, 0, 0, 0, 0);
INSERT INTO `treefield` (`id`, `parent_id`, `template`, `repository_id`, `order`, `level`, `field_id`) VALUES (89,'38', 0, 0, 0, 1, '64');
DELETE FROM `treefield_lang`
WHERE `treefield_id` =  89;
INSERT INTO `treefield_lang` (`language_id`, `treefield_id`, `value`, `value_path`, `title`, `path_title`, `body`, `description`, `keywords`, `slug`, `address`, `adcode1`, `adcode2`, `adcode3`, `adcode4`, `adcode5`, `adcode6`) VALUES (1, 89, 'Luxembourg', 'Belgium - Luxembourg', 0, 0, 0, 0, 0, 0, 0, 0, 0, 0, 0, 0, 0);
INSERT INTO `treefield_lang` (`language_id`, `treefield_id`, `value`, `value_path`, `title`, `path_title`, `body`, `description`, `keywords`, `slug`, `address`, `adcode1`, `adcode2`, `adcode3`, `adcode4`, `adcode5`, `adcode6`) VALUES (2, 89, 'Luxembourg', 'Belgium - Luxembourg', 0, 0, 0, 0, 0, 0, 0, 0, 0, 0, 0, 0, 0);
INSERT INTO `treefield` (`id`, `parent_id`, `template`, `repository_id`, `order`, `level`, `field_id`) VALUES (90,'38', 0, 0, 0, 1, '64');
DELETE FROM `treefield_lang`
WHERE `treefield_id` =  90;
INSERT INTO `treefield_lang` (`language_id`, `treefield_id`, `value`, `value_path`, `title`, `path_title`, `body`, `description`, `keywords`, `slug`, `address`, `adcode1`, `adcode2`, `adcode3`, `adcode4`, `adcode5`, `adcode6`) VALUES (1, 90, 'Limburg', 'Belgium - Limburg', 0, 0, 0, 0, 0, 0, 0, 0, 0, 0, 0, 0, 0);
INSERT INTO `treefield_lang` (`language_id`, `treefield_id`, `value`, `value_path`, `title`, `path_title`, `body`, `description`, `keywords`, `slug`, `address`, `adcode1`, `adcode2`, `adcode3`, `adcode4`, `adcode5`, `adcode6`) VALUES (2, 90, 'Limburg', 'Belgium - Limburg', 0, 0, 0, 0, 0, 0, 0, 0, 0, 0, 0, 0, 0);

INSERT INTO `repository` (`name`, `date_submit`, `date_modified`) VALUES ('treefield_m', '2018-02-28 15:28:01', '2018-02-28 15:28:01');
UPDATE `treefield` SET `repository_id` = 311 WHERE `id` =  36;
INSERT INTO `repository` (`name`, `date_submit`, `date_modified`) VALUES ('treefield_m', '2018-02-28 15:28:07', '2018-02-28 15:28:07');
UPDATE `treefield` SET `repository_id` = 312 WHERE `id` =  37;
INSERT INTO `repository` (`name`, `date_submit`, `date_modified`) VALUES ('treefield_m', '2018-02-28 15:28:09', '2018-02-28 15:28:09');
UPDATE `treefield` SET `repository_id` = 313 WHERE `id` =  41;
INSERT INTO `repository` (`name`, `date_submit`, `date_modified`) VALUES ('treefield_m', '2018-02-28 15:28:11', '2018-02-28 15:28:11');
UPDATE `treefield` SET `repository_id` = 314 WHERE `id` =  38;
INSERT INTO `repository` (`name`, `date_submit`, `date_modified`) VALUES ('treefield_m', '2018-02-28 15:28:15', '2018-02-28 15:28:15');
UPDATE `treefield` SET `repository_id` = 315 WHERE `id` =  40;
INSERT INTO `repository` (`name`, `date_submit`, `date_modified`) VALUES ('treefield_m', '2018-02-28 15:28:16', '2018-02-28 15:28:16');
UPDATE `treefield` SET `repository_id` = 316 WHERE `id` =  39;
INSERT INTO `repository` (`name`, `date_submit`, `date_modified`) VALUES ('treefield_m', '2018-02-28 15:28:18', '2018-02-28 15:28:18');
UPDATE `treefield` SET `repository_id` = 317 WHERE `id` =  50;
INSERT INTO `repository` (`name`, `date_submit`, `date_modified`) VALUES ('treefield_m', '2018-02-28 15:28:23', '2018-02-28 15:28:23');
UPDATE `treefield` SET `repository_id` = 318 WHERE `id` =  43;
INSERT INTO `repository` (`name`, `date_submit`, `date_modified`) VALUES ('treefield_m', '2018-02-28 15:28:24', '2018-02-28 15:28:24');
UPDATE `treefield` SET `repository_id` = 319 WHERE `id` =  45;
INSERT INTO `repository` (`name`, `date_submit`, `date_modified`) VALUES ('treefield_m', '2018-02-28 15:28:25', '2018-02-28 15:28:25');
UPDATE `treefield` SET `repository_id` = 320 WHERE `id` =  46;
INSERT INTO `repository` (`name`, `date_submit`, `date_modified`) VALUES ('treefield_m', '2018-02-28 15:28:27', '2018-02-28 15:28:27');
UPDATE `treefield` SET `repository_id` = 321 WHERE `id` =  47;
INSERT INTO `repository` (`name`, `date_submit`, `date_modified`) VALUES ('treefield_m', '2018-02-28 15:28:28', '2018-02-28 15:28:28');
UPDATE `treefield` SET `repository_id` = 322 WHERE `id` =  71;
INSERT INTO `repository` (`name`, `date_submit`, `date_modified`) VALUES ('treefield_m', '2018-02-28 15:28:29', '2018-02-28 15:28:29');
UPDATE `treefield` SET `repository_id` = 323 WHERE `id` =  44;
INSERT INTO `repository` (`name`, `date_submit`, `date_modified`) VALUES ('treefield_m', '2018-02-28 15:28:30', '2018-02-28 15:28:30');
UPDATE `treefield` SET `repository_id` = 324 WHERE `id` =  49;
INSERT INTO `repository` (`name`, `date_submit`, `date_modified`) VALUES ('treefield_m', '2018-02-28 15:28:32', '2018-02-28 15:28:32');
UPDATE `treefield` SET `repository_id` = 325 WHERE `id` =  51;
INSERT INTO `repository` (`name`, `date_submit`, `date_modified`) VALUES ('treefield_m', '2018-02-28 15:28:38', '2018-02-28 15:28:38');
UPDATE `treefield` SET `repository_id` = 326 WHERE `id` =  53;
INSERT INTO `repository` (`name`, `date_submit`, `date_modified`) VALUES ('treefield_m', '2018-02-28 15:28:39', '2018-02-28 15:28:39');
UPDATE `treefield` SET `repository_id` = 327 WHERE `id` =  52;
INSERT INTO `repository` (`name`, `date_submit`, `date_modified`) VALUES ('treefield_m', '2018-02-28 15:28:40', '2018-02-28 15:28:40');
UPDATE `treefield` SET `repository_id` = 328 WHERE `id` =  54;
INSERT INTO `repository` (`name`, `date_submit`, `date_modified`) VALUES ('treefield_m', '2018-02-28 15:28:41', '2018-02-28 15:28:41');
UPDATE `treefield` SET `repository_id` = 329 WHERE `id` =  57;
INSERT INTO `repository` (`name`, `date_submit`, `date_modified`) VALUES ('treefield_m', '2018-02-28 15:28:42', '2018-02-28 15:28:42');
UPDATE `treefield` SET `repository_id` = 330 WHERE `id` =  55;
INSERT INTO `repository` (`name`, `date_submit`, `date_modified`) VALUES ('treefield_m', '2018-02-28 15:28:44', '2018-02-28 15:28:44');
UPDATE `treefield` SET `repository_id` = 331 WHERE `id` =  56;
INSERT INTO `repository` (`name`, `date_submit`, `date_modified`) VALUES ('treefield_m', '2018-02-28 15:28:45', '2018-02-28 15:28:45');
UPDATE `treefield` SET `repository_id` = 332 WHERE `id` =  59;
INSERT INTO `repository` (`name`, `date_submit`, `date_modified`) VALUES ('treefield_m', '2018-02-28 15:28:46', '2018-02-28 15:28:46');
UPDATE `treefield` SET `repository_id` = 333 WHERE `id` =  58;
INSERT INTO `repository` (`name`, `date_submit`, `date_modified`) VALUES ('treefield_m', '2018-02-28 15:28:47', '2018-02-28 15:28:47');
UPDATE `treefield` SET `repository_id` = 334 WHERE `id` =  60;
INSERT INTO `repository` (`name`, `date_submit`, `date_modified`) VALUES ('treefield_m', '2018-02-28 15:28:49', '2018-02-28 15:28:49');
UPDATE `treefield` SET `repository_id` = 335 WHERE `id` =  61;
INSERT INTO `repository` (`name`, `date_submit`, `date_modified`) VALUES ('treefield_m', '2018-02-28 15:28:50', '2018-02-28 15:28:50');
UPDATE `treefield` SET `repository_id` = 336 WHERE `id` =  62;
INSERT INTO `repository` (`name`, `date_submit`, `date_modified`) VALUES ('treefield_m', '2018-02-28 15:28:51', '2018-02-28 15:28:51');
UPDATE `treefield` SET `repository_id` = 337 WHERE `id` =  63;
INSERT INTO `repository` (`name`, `date_submit`, `date_modified`) VALUES ('treefield_m', '2018-02-28 15:28:52', '2018-02-28 15:28:52');
UPDATE `treefield` SET `repository_id` = 338 WHERE `id` =  64;
INSERT INTO `repository` (`name`, `date_submit`, `date_modified`) VALUES ('treefield_m', '2018-02-28 15:28:54', '2018-02-28 15:28:54');
UPDATE `treefield` SET `repository_id` = 339 WHERE `id` =  65;
INSERT INTO `repository` (`name`, `date_submit`, `date_modified`) VALUES ('treefield_m', '2018-02-28 15:28:58', '2018-02-28 15:28:58');
UPDATE `treefield` SET `repository_id` = 340 WHERE `id` =  66;
INSERT INTO `repository` (`name`, `date_submit`, `date_modified`) VALUES ('treefield_m', '2018-02-28 15:28:59', '2018-02-28 15:28:59');
UPDATE `treefield` SET `repository_id` = 341 WHERE `id` =  67;
INSERT INTO `repository` (`name`, `date_submit`, `date_modified`) VALUES ('treefield_m', '2018-02-28 15:29:00', '2018-02-28 15:29:00');
UPDATE `treefield` SET `repository_id` = 342 WHERE `id` =  68;
INSERT INTO `repository` (`name`, `date_submit`, `date_modified`) VALUES ('treefield_m', '2018-02-28 15:29:01', '2018-02-28 15:29:01');
UPDATE `treefield` SET `repository_id` = 343 WHERE `id` =  72;
INSERT INTO `repository` (`name`, `date_submit`, `date_modified`) VALUES ('treefield_m', '2018-02-28 15:29:02', '2018-02-28 15:29:02');
UPDATE `treefield` SET `repository_id` = 344 WHERE `id` =  69;
INSERT INTO `repository` (`name`, `date_submit`, `date_modified`) VALUES ('treefield_m', '2018-02-28 15:29:03', '2018-02-28 15:29:03');
UPDATE `treefield` SET `repository_id` = 345 WHERE `id` =  42;
INSERT INTO `repository` (`name`, `date_submit`, `date_modified`) VALUES ('treefield_m', '2018-02-28 15:29:05', '2018-02-28 15:29:05');
UPDATE `treefield` SET `repository_id` = 346 WHERE `id` =  70;
INSERT INTO `repository` (`name`, `date_submit`, `date_modified`) VALUES ('treefield_m', '2018-02-28 15:29:07', '2018-02-28 15:29:07');
UPDATE `treefield` SET `repository_id` = 347 WHERE `id` =  48;

